Metric,Alpha Miner,Heuristic Miner
Fitness,0.7692682317682318,1.0
Precision,1.0,0.6849315068493151
Generalization,0.48417691415632147,0.3603259658728244
Simplicity,0.9090909090909091,0.7435897435897437
